sample_id,variants,genes,cNomen,pNomen,run,vaf,depth,vcf_mutect,vcf_pindel,variant_caller,vcf_filter,panel,virtual_panel,gnomAD_AF,gnomAD_AF_Pct,cosmic_id,cosmic_haem,run_freq,total_freq,length,var_type,technical_status,retain_discard
Mock001,KRAS_2_160883814_A/G,KRAS,c.1077A>G,p.Ala1367Val,Run1,0.377,354.0,22.0,26.0,both,FAIL,PanHaem,panhaem_myeloid,0.019014,1.9014,COSM444461,0.0,2,86,0,deletion,Discard,Discard
Mock002,KRAS_20_183670202_A/G,KRAS,c.2772A>G,p.Ala228Val,Run1,0.727,254.0,29.0,27.0,pindel,PASS,PanHaem,panhaem_myeloid,0.011973,1.1973,COSM989868,6.0,3,84,0,indel,Valid,Retain
Mock003,KRAS_22_5738866_A/G,KRAS,c.2073A>G,p.Ala218Val,Run3,0.163,291.0,41.0,35.0,mutect,FAIL,PanHaem,panhaem_myeloid,0.00312,0.312,COSM924050,2.0,0,80,0,deletion,Discard,Discard
Mock004,BRCA2_18_377694477_A/G,BRCA2,c.2030A>G,p.Ala947Val,Run3,0.067,619.0,39.0,50.0,pindel,PASS,PanHaem,panhaem_myeloid,0.017324,1.7324,COSM606687,2.0,3,68,0,substitution,Valid,Discard
Mock005,ARID1A_15_547373809_A/G,ARID1A,c.382A>G,p.Ala782Val,Run2,0.599,718.0,33.0,14.0,mutect,FAIL,PanHaem,panhaem_myeloid,0.014161,1.4161,COSM938076,9.0,0,11,0,indel,Discard,Retain
Mock006,KMT2C_21_18190061_A/G,KMT2C,c.1196A>G,p.Ala292Val,Run2,0.03,279.0,10.0,37.0,mutect,FAIL,PanHaem,panhaem_myeloid,0.019398,1.9398,COSM439033,10.0,1,100,0,insertion,Discard,Retain
Mock007,CHEK2_21_540779894_A/G,CHEK2,c.561A>G,p.Ala1391Val,Run2,0.826,623.0,35.0,5.0,mutect,PASS,PanHaem,panhaem_myeloid,0.004247,0.4247,COSM980144,3.0,0,10,0,deletion,Valid,Discard
Mock008,CHEK2_21_732040326_A/G,CHEK2,c.262A>G,p.Ala425Val,Run3,0.188,711.0,4.0,15.0,mutect,FAIL,PanHaem,panhaem_myeloid,0.003668,0.3668,COSM855589,9.0,1,9,0,insertion,Discard,Discard
Mock009,TP53_21_800991559_A/G,TP53,c.2555A>G,p.Ala1132Val,Run1,0.308,634.0,47.0,9.0,pindel,FAIL,PanHaem,panhaem_myeloid,0.010495,1.0495,COSM835592,1.0,0,12,0,insertion,Discard,Discard
Mock010,ANA10_9_80880866_A/G,ANA10,c.1999A>G,p.Ala174Val,Run3,0.433,775.0,30.0,25.0,mutect,FAIL,PanHaem,panhaem_myeloid,0.005825,0.5825,COSM686713,4.0,1,35,0,insertion,Discard,Discard
Mock011,TP53_1_739466643_A/G,TP53,c.443A>G,p.Ala1465Val,Run3,0.61,599.0,46.0,9.0,mutect,PASS,PanHaem,panhaem_myeloid,0.00279,0.279,COSM306555,5.0,1,59,0,substitution,Valid,Retain
Mock012,KMT2C_10_443804973_A/G,KMT2C,c.1577A>G,p.Ala753Val,Run1,0.296,232.0,23.0,4.0,pindel,PASS,PanHaem,panhaem_myeloid,0.007327,0.7327,COSM876906,4.0,2,93,0,insertion,Valid,Discard
Mock013,ANA10_12_787666185_A/G,ANA10,c.667A>G,p.Ala1044Val,Run1,0.457,280.0,11.0,50.0,pindel,FAIL,PanHaem,panhaem_myeloid,0.015704,1.5704,COSM633325,3.0,1,11,0,deletion,Discard,Discard
Mock014,TP53_17_551187505_A/G,TP53,c.354A>G,p.Ala658Val,Run1,0.206,748.0,4.0,16.0,mutect,PASS,PanHaem,panhaem_myeloid,0.010285,1.0285,COSM297597,0.0,1,70,0,indel,Valid,Discard
Mock015,KRAS_10_911252008_A/G,KRAS,c.214A>G,p.Ala402Val,Run2,0.591,410.0,22.0,17.0,both,FAIL,PanHaem,panhaem_myeloid,0.000929,0.0929,COSM791326,10.0,0,56,0,deletion,Discard,Retain
Mock016,BRCA2_3_433814391_A/G,BRCA2,c.876A>G,p.Ala525Val,Run3,0.605,626.0,50.0,3.0,pindel,PASS,PanHaem,panhaem_myeloid,0.00341,0.341,COSM316710,10.0,1,2,0,deletion,Valid,Retain
Mock017,ANA10_17_205498087_A/G,ANA10,c.2916A>G,p.Ala1175Val,Run1,0.074,709.0,33.0,36.0,both,PASS,PanHaem,panhaem_myeloid,0.018978,1.8978,COSM563595,1.0,0,99,0,deletion,Valid,Discard
Mock018,ANA10_17_928189901_A/G,ANA10,c.613A>G,p.Ala220Val,Run3,0.956,160.0,14.0,12.0,both,FAIL,PanHaem,panhaem_myeloid,0.016168,1.6168,COSM123148,7.0,3,4,0,insertion,Discard,Retain
Mock019,BRCA2_22_741492687_A/G,BRCA2,c.688A>G,p.Ala193Val,Run1,0.309,157.0,33.0,17.0,pindel,FAIL,PanHaem,panhaem_myeloid,0.001953,0.1953,COSM521004,4.0,2,81,0,substitution,Discard,Discard
Mock020,ASXL1_2_609347104_A/G,ASXL1,c.2727A>G,p.Ala1226Val,Run1,0.681,679.0,5.0,44.0,mutect,PASS,PanHaem,panhaem_myeloid,0.008803,0.8803,COSM593623,8.0,0,27,0,indel,Valid,Retain
Mock021,ASXL1_21_508784253_A/G,ASXL1,c.321A>G,p.Ala1476Val,Run3,0.13,463.0,25.0,13.0,both,PASS,PanHaem,panhaem_myeloid,0.009904,0.9904,COSM123702,8.0,1,60,0,insertion,Valid,Retain
Mock022,KMT2C_19_91897700_A/G,KMT2C,c.1241A>G,p.Ala1462Val,Run3,0.044,132.0,37.0,3.0,both,PASS,PanHaem,panhaem_myeloid,0.018186,1.8186,COSM828089,9.0,3,56,0,deletion,Valid,Retain
Mock023,KRAS_9_509711015_A/G,KRAS,c.2211A>G,p.Ala872Val,Run2,0.264,298.0,1.0,30.0,pindel,PASS,PanHaem,panhaem_myeloid,0.01325,1.325,COSM513496,10.0,1,95,0,substitution,Valid,Retain
Mock024,KMT2C_19_309382076_A/G,KMT2C,c.956A>G,p.Ala1206Val,Run2,0.315,163.0,44.0,7.0,both,FAIL,PanHaem,panhaem_myeloid,0.010401,1.0401,COSM949407,10.0,0,64,0,insertion,Discard,Retain
Mock025,KRAS_9_531586783_A/G,KRAS,c.2364A>G,p.Ala657Val,Run1,0.546,254.0,45.0,44.0,mutect,FAIL,PanHaem,panhaem_myeloid,0.003697,0.3697,COSM150584,3.0,1,37,0,insertion,Discard,Discard
Mock026,DNMT3A_19_990702969_A/G,DNMT3A,c.466A>G,p.Ala376Val,Run1,0.96,528.0,38.0,41.0,pindel,FAIL,PanHaem,panhaem_myeloid,0.015503,1.5503,COSM619692,6.0,1,72,0,indel,Discard,Retain
Mock027,TP53_6_486570838_A/G,TP53,c.1626A>G,p.Ala781Val,Run3,0.931,194.0,40.0,43.0,both,PASS,PanHaem,panhaem_myeloid,0.017897,1.7897,COSM939600,5.0,0,12,0,indel,Valid,Retain
Mock028,ANA10_8_302505621_A/G,ANA10,c.164A>G,p.Ala1291Val,Run2,0.596,676.0,48.0,41.0,pindel,FAIL,PanHaem,panhaem_myeloid,0.018437,1.8437,COSM199661,6.0,1,94,0,substitution,Discard,Retain
Mock029,ASXL1_6_234616411_A/G,ASXL1,c.887A>G,p.Ala1200Val,Run3,0.097,356.0,22.0,48.0,pindel,PASS,PanHaem,panhaem_myeloid,0.00392,0.392,COSM344357,5.0,0,85,0,deletion,Valid,Retain
Mock030,FLT3_1_497781906_A/G,FLT3,c.1010A>G,p.Ala147Val,Run3,0.054,207.0,10.0,4.0,both,PASS,PanHaem,panhaem_myeloid,0.006507,0.6507,COSM115207,5.0,1,82,0,indel,Valid,Retain
Mock031,DNMT3A_2_829827319_A/G,DNMT3A,c.2732A>G,p.Ala144Val,Run1,0.391,401.0,35.0,7.0,both,PASS,PanHaem,panhaem_myeloid,0.005427,0.5427,COSM622394,5.0,1,83,0,substitution,Valid,Retain
Mock032,FLT3_17_116002754_A/G,FLT3,c.1916A>G,p.Ala709Val,Run2,0.822,288.0,30.0,48.0,mutect,FAIL,PanHaem,panhaem_myeloid,0.007135,0.7135,COSM194615,1.0,2,98,0,indel,Discard,Discard
Mock033,KRAS_11_147907412_A/G,KRAS,c.710A>G,p.Ala124Val,Run2,0.285,475.0,3.0,38.0,pindel,PASS,PanHaem,panhaem_myeloid,0.010854,1.0854,COSM566643,5.0,2,43,0,substitution,Valid,Retain
Mock034,FLT3_6_147795669_A/G,FLT3,c.2214A>G,p.Ala897Val,Run3,0.148,479.0,33.0,5.0,pindel,FAIL,PanHaem,panhaem_myeloid,0.016044,1.6044,COSM147314,9.0,0,9,0,substitution,Discard,Retain
Mock035,BRCA2_17_103409541_A/G,BRCA2,c.1545A>G,p.Ala329Val,Run2,0.083,774.0,26.0,11.0,both,FAIL,PanHaem,panhaem_myeloid,0.019738,1.9738,COSM533270,10.0,2,35,0,indel,Discard,Retain
Mock036,KRAS_13_98697237_A/G,KRAS,c.2462A>G,p.Ala140Val,Run3,0.767,210.0,28.0,23.0,both,PASS,PanHaem,panhaem_myeloid,0.003974,0.3974,COSM695514,8.0,1,74,0,deletion,Valid,Retain
Mock037,ASXL1_8_574247768_A/G,ASXL1,c.967A>G,p.Ala738Val,Run3,0.015,485.0,46.0,13.0,pindel,FAIL,PanHaem,panhaem_myeloid,0.016309,1.6309,COSM941149,9.0,2,32,0,deletion,Discard,Retain
Mock038,KRAS_17_749246513_A/G,KRAS,c.2115A>G,p.Ala589Val,Run3,0.703,100.0,31.0,18.0,both,FAIL,PanHaem,panhaem_myeloid,0.01458,1.458,COSM117056,10.0,1,7,0,indel,Discard,Retain
Mock039,ANA10_20_610086059_A/G,ANA10,c.1459A>G,p.Ala786Val,Run2,0.766,636.0,23.0,3.0,pindel,PASS,PanHaem,panhaem_myeloid,0.001481,0.1481,COSM266081,2.0,1,97,0,deletion,Valid,Discard
Mock040,BRCA2_17_430809323_A/G,BRCA2,c.459A>G,p.Ala127Val,Run2,0.361,613.0,2.0,49.0,both,PASS,PanHaem,panhaem_myeloid,0.002317,0.2317,COSM736285,5.0,1,90,0,deletion,Valid,Retain
Mock041,KMT2C_10_601183434_A/G,KMT2C,c.2435A>G,p.Ala1440Val,Run2,0.856,225.0,27.0,28.0,mutect,PASS,PanHaem,panhaem_myeloid,0.012466,1.2466,COSM903850,6.0,2,95,0,deletion,Valid,Retain
Mock042,ANA10_17_624111756_A/G,ANA10,c.2953A>G,p.Ala1372Val,Run2,0.334,418.0,11.0,6.0,both,PASS,PanHaem,panhaem_myeloid,0.001271,0.1271,COSM937255,6.0,0,10,0,substitution,Valid,Retain
Mock043,DNMT3A_14_335265061_A/G,DNMT3A,c.425A>G,p.Ala1389Val,Run3,0.315,543.0,4.0,2.0,pindel,PASS,PanHaem,panhaem_myeloid,0.006504,0.6504,COSM191268,3.0,1,35,0,indel,Valid,Retain
Mock044,FLT3_13_775031596_A/G,FLT3,c.949A>G,p.Ala786Val,Run3,0.725,594.0,1.0,7.0,pindel,PASS,PanHaem,panhaem_myeloid,0.012751,1.2751,COSM562635,3.0,3,29,0,deletion,Valid,Retain
Mock045,KMT2C_12_725841714_A/G,KMT2C,c.2061A>G,p.Ala583Val,Run2,0.879,130.0,8.0,22.0,pindel,FAIL,PanHaem,panhaem_myeloid,0.009444,0.9444,COSM139011,7.0,3,46,0,substitution,Discard,Retain
Mock046,BRCA2_3_700851633_A/G,BRCA2,c.1633A>G,p.Ala507Val,Run2,0.127,469.0,31.0,46.0,both,PASS,PanHaem,panhaem_myeloid,0.014265,1.4265,COSM387069,5.0,0,41,0,indel,Valid,Retain
Mock047,CHEK2_17_394998237_A/G,CHEK2,c.1243A>G,p.Ala1310Val,Run1,0.756,721.0,15.0,35.0,pindel,PASS,PanHaem,panhaem_myeloid,0.011226,1.1226,COSM730854,9.0,0,30,0,substitution,Valid,Discard
Mock048,KRAS_16_512185256_A/G,KRAS,c.959A>G,p.Ala1356Val,Run3,0.766,156.0,45.0,5.0,pindel,PASS,PanHaem,panhaem_myeloid,0.009876,0.9876,COSM171255,3.0,3,56,0,insertion,Valid,Discard
Mock049,DNMT3A_12_321035516_A/G,DNMT3A,c.2117A>G,p.Ala1389Val,Run3,0.522,226.0,49.0,16.0,mutect,PASS,PanHaem,panhaem_myeloid,0.008551,0.8551,COSM451056,4.0,3,90,0,indel,Valid,Discard
Mock050,CHEK2_8_701920881_A/G,CHEK2,c.2510A>G,p.Ala264Val,Run2,0.035,204.0,32.0,45.0,both,FAIL,PanHaem,panhaem_myeloid,0.002158,0.2158,COSM685187,6.0,3,1,0,deletion,Discard,Discard
Mock051,ARID1A_9_463394125_A/G,ARID1A,c.1215A>G,p.Ala853Val,Run1,0.041,476.0,50.0,42.0,pindel,FAIL,PanHaem,panhaem_myeloid,0.012728,1.2728,COSM497538,3.0,0,39,0,substitution,Discard,Discard
Mock052,ANA10_17_370120986_A/G,ANA10,c.1780A>G,p.Ala113Val,Run2,0.318,277.0,20.0,43.0,mutect,PASS,PanHaem,panhaem_myeloid,0.010171,1.0171,COSM208084,5.0,2,16,0,insertion,Valid,Retain
Mock053,TP53_10_975693959_A/G,TP53,c.2356A>G,p.Ala1161Val,Run3,0.899,676.0,42.0,22.0,pindel,PASS,PanHaem,panhaem_myeloid,0.004986,0.4986,COSM794645,8.0,3,97,0,insertion,Valid,Retain
Mock054,CHEK2_9_420831668_A/G,CHEK2,c.1894A>G,p.Ala1171Val,Run3,0.412,355.0,19.0,17.0,mutect,PASS,PanHaem,panhaem_myeloid,0.015111,1.5111,COSM517056,0.0,2,78,0,indel,Valid,Discard
Mock055,ARID1A_12_183994556_A/G,ARID1A,c.122A>G,p.Ala142Val,Run3,0.234,118.0,31.0,35.0,mutect,FAIL,PanHaem,panhaem_myeloid,0.00154,0.154,COSM448028,5.0,1,37,0,indel,Discard,Retain
Mock056,ARID1A_22_625969329_A/G,ARID1A,c.740A>G,p.Ala1430Val,Run2,0.294,700.0,8.0,5.0,pindel,FAIL,PanHaem,panhaem_myeloid,0.003224,0.3224,COSM293523,6.0,3,68,0,substitution,Discard,Retain
Mock057,BRCA2_22_608179735_A/G,BRCA2,c.383A>G,p.Ala1419Val,Run2,0.921,179.0,21.0,30.0,both,FAIL,PanHaem,panhaem_myeloid,0.016162,1.6162,COSM715717,9.0,3,68,0,deletion,Discard,Retain
Mock058,CHEK2_17_617814129_A/G,CHEK2,c.1971A>G,p.Ala1108Val,Run2,0.631,744.0,34.0,38.0,mutect,FAIL,PanHaem,panhaem_myeloid,0.017429,1.7429,COSM515704,7.0,3,53,0,indel,Discard,Discard
Mock059,FLT3_4_234830168_A/G,FLT3,c.1102A>G,p.Ala1398Val,Run2,0.798,173.0,32.0,46.0,both,FAIL,PanHaem,panhaem_myeloid,0.003731,0.3731,COSM921970,0.0,0,93,0,deletion,Discard,Discard
Mock060,CHEK2_20_96497656_A/G,CHEK2,c.2681A>G,p.Ala250Val,Run2,0.885,586.0,32.0,6.0,mutect,PASS,PanHaem,panhaem_myeloid,0.010787,1.0787,COSM655132,4.0,1,37,0,insertion,Valid,Discard
Mock061,KMT2C_9_392082871_A/G,KMT2C,c.1835A>G,p.Ala1429Val,Run1,0.801,795.0,8.0,26.0,pindel,FAIL,PanHaem,panhaem_myeloid,0.017922,1.7922,COSM710274,4.0,3,67,0,insertion,Discard,Discard
Mock062,BRCA2_3_764863521_A/G,BRCA2,c.2867A>G,p.Ala494Val,Run2,0.322,584.0,37.0,32.0,mutect,FAIL,PanHaem,panhaem_myeloid,0.002201,0.2201,COSM122773,5.0,2,100,0,insertion,Discard,Retain
Mock063,KMT2C_4_368692262_A/G,KMT2C,c.1572A>G,p.Ala685Val,Run2,0.233,697.0,15.0,39.0,both,FAIL,PanHaem,panhaem_myeloid,0.008542,0.8542,COSM763921,4.0,1,18,0,substitution,Discard,Discard
Mock064,TP53_17_845469218_A/G,TP53,c.595A>G,p.Ala1037Val,Run3,0.812,484.0,50.0,5.0,mutect,PASS,PanHaem,panhaem_myeloid,0.017215,1.7215,COSM117038,3.0,3,95,0,indel,Valid,Discard
Mock065,BRCA2_13_665089542_A/G,BRCA2,c.2032A>G,p.Ala771Val,Run2,0.017,291.0,13.0,9.0,pindel,FAIL,PanHaem,panhaem_myeloid,0.010215,1.0215,COSM717109,0.0,2,88,0,deletion,Discard,Discard
Mock066,KRAS_7_413867921_A/G,KRAS,c.1664A>G,p.Ala1377Val,Run3,0.419,212.0,12.0,14.0,both,FAIL,PanHaem,panhaem_myeloid,0.004442,0.4442,COSM987325,9.0,3,41,0,substitution,Discard,Retain
Mock067,DNMT3A_21_428950033_A/G,DNMT3A,c.2589A>G,p.Ala1417Val,Run3,0.127,634.0,24.0,0.0,mutect,FAIL,PanHaem,panhaem_myeloid,0.006752,0.6752,COSM135884,5.0,3,41,0,substitution,Discard,Retain
Mock068,FLT3_9_860703596_A/G,FLT3,c.2349A>G,p.Ala1098Val,Run2,0.934,794.0,22.0,42.0,mutect,FAIL,PanHaem,panhaem_myeloid,0.006464,0.6464,COSM964183,0.0,2,45,0,deletion,Discard,Discard
Mock069,DNMT3A_10_366168091_A/G,DNMT3A,c.1920A>G,p.Ala688Val,Run1,0.518,224.0,31.0,27.0,pindel,FAIL,PanHaem,panhaem_myeloid,0.01406,1.406,COSM886081,7.0,1,57,0,substitution,Discard,Retain
Mock070,DNMT3A_1_125047180_A/G,DNMT3A,c.2481A>G,p.Ala811Val,Run3,0.366,669.0,33.0,11.0,pindel,PASS,PanHaem,panhaem_myeloid,0.019436,1.9436,COSM564382,4.0,1,14,0,deletion,Valid,Discard
Mock071,DNMT3A_16_257503392_A/G,DNMT3A,c.459A>G,p.Ala1278Val,Run1,0.953,277.0,50.0,48.0,mutect,FAIL,PanHaem,panhaem_myeloid,0.005036,0.5036,COSM927929,7.0,0,76,0,deletion,Discard,Retain
Mock072,FLT3_8_573131867_A/G,FLT3,c.698A>G,p.Ala967Val,Run3,0.497,237.0,49.0,28.0,both,FAIL,PanHaem,panhaem_myeloid,0.006018,0.6018,COSM407218,6.0,1,54,0,insertion,Discard,Retain
Mock073,ASXL1_19_189329683_A/G,ASXL1,c.510A>G,p.Ala752Val,Run1,0.289,632.0,29.0,19.0,pindel,PASS,PanHaem,panhaem_myeloid,0.000738,0.0738,COSM565091,3.0,2,86,0,insertion,Valid,Discard
Mock074,ASXL1_8_384634333_A/G,ASXL1,c.1529A>G,p.Ala551Val,Run1,0.607,584.0,2.0,26.0,mutect,PASS,PanHaem,panhaem_myeloid,0.010054,1.0054,COSM628759,3.0,0,53,0,deletion,Valid,Discard
Mock075,BRCA2_13_113111691_A/G,BRCA2,c.2754A>G,p.Ala768Val,Run2,0.06,800.0,16.0,50.0,mutect,PASS,PanHaem,panhaem_myeloid,0.005573,0.5573,COSM902683,5.0,1,85,0,insertion,Valid,Retain
Mock076,TP53_12_363050780_A/G,TP53,c.874A>G,p.Ala829Val,Run1,0.9,754.0,16.0,5.0,both,PASS,PanHaem,panhaem_myeloid,0.004791,0.4791,COSM940586,9.0,2,76,0,indel,Valid,Retain
Mock077,DNMT3A_8_972423054_A/G,DNMT3A,c.184A>G,p.Ala242Val,Run2,0.152,226.0,24.0,31.0,mutect,PASS,PanHaem,panhaem_myeloid,0.009789,0.9789,COSM308441,1.0,3,7,0,deletion,Valid,Discard
Mock078,BRCA2_6_786505734_A/G,BRCA2,c.935A>G,p.Ala1126Val,Run1,0.976,672.0,37.0,27.0,pindel,FAIL,PanHaem,panhaem_myeloid,0.004841,0.4841,COSM401190,7.0,3,68,0,deletion,Discard,Retain
Mock079,BRCA2_17_721398077_A/G,BRCA2,c.1522A>G,p.Ala1461Val,Run3,0.669,103.0,11.0,24.0,pindel,PASS,PanHaem,panhaem_myeloid,0.015232,1.5232,COSM373982,0.0,3,43,0,indel,Valid,Discard
Mock080,DNMT3A_4_956324179_A/G,DNMT3A,c.2205A>G,p.Ala1119Val,Run2,0.243,542.0,13.0,33.0,mutect,FAIL,PanHaem,panhaem_myeloid,0.014564,1.4564,COSM910175,7.0,0,94,0,insertion,Discard,Retain
Mock081,KRAS_2_234098084_A/G,KRAS,c.2858A>G,p.Ala1248Val,Run2,0.37,501.0,33.0,44.0,mutect,PASS,PanHaem,panhaem_myeloid,0.012646,1.2646,COSM170252,6.0,0,94,0,deletion,Valid,Retain
Mock082,ARID1A_18_208173723_A/G,ARID1A,c.2827A>G,p.Ala115Val,Run1,0.631,207.0,6.0,44.0,pindel,PASS,PanHaem,panhaem_myeloid,0.010715,1.0715,COSM606336,7.0,0,74,0,insertion,Valid,Retain
Mock083,TP53_6_349458903_A/G,TP53,c.338A>G,p.Ala321Val,Run2,0.098,385.0,28.0,10.0,both,PASS,PanHaem,panhaem_myeloid,0.016706,1.6706,COSM502195,9.0,0,12,0,insertion,Valid,Retain
Mock084,ASXL1_3_236765292_A/G,ASXL1,c.931A>G,p.Ala1410Val,Run3,0.324,182.0,6.0,27.0,both,FAIL,PanHaem,panhaem_myeloid,0.00373,0.373,COSM607400,10.0,0,85,0,indel,Discard,Retain
Mock085,ANA10_11_16796823_A/G,ANA10,c.1337A>G,p.Ala1161Val,Run2,0.05,792.0,41.0,36.0,pindel,FAIL,PanHaem,panhaem_myeloid,0.011818,1.1818,COSM963342,5.0,3,70,0,substitution,Discard,Retain
Mock086,CHEK2_11_52775566_A/G,CHEK2,c.1551A>G,p.Ala1256Val,Run2,0.674,733.0,13.0,15.0,mutect,FAIL,PanHaem,panhaem_myeloid,0.000332,0.0332,COSM223547,1.0,2,9,0,substitution,Discard,Discard
Mock087,CHEK2_14_754555826_A/G,CHEK2,c.2525A>G,p.Ala638Val,Run1,0.512,356.0,45.0,39.0,pindel,FAIL,PanHaem,panhaem_myeloid,0.00453,0.453,COSM107431,9.0,1,69,0,deletion,Discard,Discard
Mock088,BRCA2_12_845578992_A/G,BRCA2,c.100A>G,p.Ala718Val,Run3,0.642,571.0,39.0,48.0,mutect,FAIL,PanHaem,panhaem_myeloid,0.003487,0.3487,COSM790149,9.0,3,93,0,substitution,Discard,Retain
Mock089,FLT3_3_880380338_A/G,FLT3,c.1914A>G,p.Ala1310Val,Run3,0.687,705.0,50.0,43.0,pindel,FAIL,PanHaem,panhaem_myeloid,0.007735,0.7735,COSM766464,3.0,1,78,0,insertion,Discard,Discard
Mock090,ANA10_4_571631821_A/G,ANA10,c.1730A>G,p.Ala1251Val,Run2,0.928,640.0,14.0,9.0,pindel,PASS,PanHaem,panhaem_myeloid,0.00275,0.275,COSM876918,1.0,1,74,0,deletion,Valid,Discard
Mock091,DNMT3A_2_785999513_A/G,DNMT3A,c.1860A>G,p.Ala192Val,Run3,0.344,588.0,30.0,27.0,mutect,FAIL,PanHaem,panhaem_myeloid,0.002269,0.2269,COSM820358,5.0,3,30,0,deletion,Discard,Retain
Mock092,TP53_12_438967583_A/G,TP53,c.393A>G,p.Ala1165Val,Run2,0.916,474.0,21.0,18.0,mutect,FAIL,PanHaem,panhaem_myeloid,0.017547,1.7547,COSM490894,6.0,1,38,0,substitution,Discard,Retain
Mock093,DNMT3A_21_256957786_A/G,DNMT3A,c.2486A>G,p.Ala1253Val,Run3,0.263,367.0,49.0,40.0,pindel,PASS,PanHaem,panhaem_myeloid,0.0132,1.32,COSM535993,9.0,2,11,0,insertion,Valid,Retain
Mock094,ARID1A_20_748638529_A/G,ARID1A,c.1544A>G,p.Ala1267Val,Run2,0.811,744.0,18.0,37.0,both,FAIL,PanHaem,panhaem_myeloid,0.011104,1.1104,COSM787513,7.0,2,63,0,insertion,Discard,Retain
Mock095,ANA10_19_699980771_A/G,ANA10,c.2672A>G,p.Ala598Val,Run3,0.529,218.0,15.0,41.0,both,PASS,PanHaem,panhaem_myeloid,0.004837,0.4837,COSM718436,3.0,2,6,0,deletion,Valid,Discard
Mock096,ARID1A_15_103119975_A/G,ARID1A,c.2147A>G,p.Ala148Val,Run3,0.101,600.0,19.0,1.0,both,PASS,PanHaem,panhaem_myeloid,0.017944,1.7944,COSM719669,0.0,3,64,0,indel,Valid,Retain
Mock097,KMT2C_21_183025592_A/G,KMT2C,c.1946A>G,p.Ala238Val,Run3,0.892,477.0,21.0,36.0,pindel,FAIL,PanHaem,panhaem_myeloid,0.012662,1.2662,COSM868871,6.0,3,18,0,substitution,Discard,Retain
Mock098,DNMT3A_9_398039145_A/G,DNMT3A,c.185A>G,p.Ala170Val,Run3,0.342,257.0,34.0,1.0,pindel,PASS,PanHaem,panhaem_myeloid,0.006984,0.6984,COSM677026,3.0,0,86,0,deletion,Valid,Discard
Mock099,ANA10_19_419898203_A/G,ANA10,c.2545A>G,p.Ala1129Val,Run2,0.721,159.0,1.0,37.0,mutect,PASS,PanHaem,panhaem_myeloid,0.017942,1.7942,COSM541803,5.0,3,88,0,indel,Valid,Retain
Mock100,DNMT3A_11_88989766_A/G,DNMT3A,c.1752A>G,p.Ala550Val,Run2,0.879,482.0,33.0,4.0,both,FAIL,PanHaem,panhaem_myeloid,0.015598,1.5598,COSM469584,5.0,2,65,0,indel,Discard,Retain
